,BruteForce,CoprimeDecomposition,GeneralSolution,BinaryTrick
0,0.012545108795166016,0.00010204315185546875,9.226799011230469e-05,8.392333984375e-05
1,0.012638330459594727,0.00011610984802246094,9.918212890625e-05,9.489059448242188e-05
2,0.01265406608581543,0.00014019012451171875,0.00010204315185546875,0.00010395050048828125
3,0.012675046920776367,0.00015115737915039062,0.00010514259338378906,0.00011181831359863281
4,0.01268911361694336,0.00017786026000976562,0.00010800361633300781,0.00011897087097167969
5,0.012703180313110352,0.00020503997802734375,0.00011110305786132812,0.00012683868408203125
6,0.01271820068359375,0.00023102760314941406,0.00011420249938964844,0.00013375282287597656
7,0.012736082077026367,0.0002410411834716797,0.00011730194091796875,0.00014162063598632812
8,0.012754201889038086,0.0002849102020263672,0.0001201629638671875,0.0001499652862548828
9,0.012772083282470703,0.0003268718719482422,0.00012421607971191406,0.00015687942504882812
10,0.012791156768798828,0.0003688335418701172,0.00012731552124023438,0.0001647472381591797
11,0.012810945510864258,0.00040984153747558594,0.00012993812561035156,0.00017189979553222656
12,0.012833118438720703,0.00045180320739746094,0.00013303756713867188,0.00017881393432617188
13,0.01285409927368164,0.0004930496215820312,0.0001361370086669922,0.0001857280731201172
14,0.01287698745727539,0.0005340576171875,0.0001399517059326172,0.00019359588623046875
15,0.012904167175292969,0.0005440711975097656,0.0001430511474609375,0.0002009868621826172
16,0.012932062149047852,0.0006210803985595703,0.00014710426330566406,0.00020885467529296875
17,0.012962102890014648,0.0006930828094482422,0.0001499652862548828,0.00021576881408691406
18,0.012991189956665039,0.0007660388946533203,0.00015306472778320312,0.0002238750457763672
19,0.01302027702331543,0.0008380413055419922,0.0001571178436279297,0.0002307891845703125
20,0.013049125671386719,0.0009109973907470703,0.00015997886657714844,0.00023865699768066406
21,0.013079166412353516,0.0009951591491699219,0.000164031982421875,0.00024580955505371094
22,0.013109922409057617,0.001068115234375,0.0001671314239501953,0.00025391578674316406
23,0.013143062591552734,0.0011410713195800781,0.0001709461212158203,0.0002608299255371094
24,0.013177156448364258,0.00121307373046875,0.00017404556274414062,0.00026869773864746094
25,0.013211250305175781,0.0012860298156738281,0.00017714500427246094,0.0002758502960205078
26,0.013246297836303711,0.0013730525970458984,0.00018024444580078125,0.0002837181091308594
27,0.013279914855957031,0.0014448165893554688,0.00018405914306640625,0.0002906322479248047
28,0.013317108154296875,0.0015189647674560547,0.00018715858459472656,0.00029778480529785156
29,0.013353109359741211,0.0015931129455566406,0.00019025802612304688,0.0003058910369873047
30,0.01339101791381836,0.0016660690307617188,0.00019311904907226562,0.00031280517578125
31,0.013435125350952148,0.0016751289367675781,0.0001971721649169922,0.0003209114074707031
32,0.013483047485351562,0.001814126968383789,0.0002002716064453125,0.0003287792205810547
33,0.013529062271118164,0.0019540786743164062,0.0002028942108154297,0.0003368854522705078
34,0.013575077056884766,0.0020890235900878906,0.0002071857452392578,0.0003447532653808594
35,0.013624191284179688,0.0022249221801757812,0.00021028518676757812,0.00035190582275390625
36,0.013674259185791016,0.002359151840209961,0.00021409988403320312,0.0003597736358642578
37,0.013723134994506836,0.0024940967559814453,0.00021719932556152344,0.00036787986755371094
38,0.01377105712890625,0.002628803253173828,0.00022125244140625,0.0003750324249267578
39,0.013822317123413086,0.002763986587524414,0.00022411346435546875,0.0003829002380371094
40,0.013876199722290039,0.0029098987579345703,0.0002269744873046875,0.00039076805114746094
41,0.01392817497253418,0.0030448436737060547,0.00023126602172851562,0.00039768218994140625
42,0.013978004455566406,0.003180980682373047,0.00023412704467773438,0.00040602684020996094
43,0.014033079147338867,0.0033159255981445312,0.00023818016052246094,0.0004138946533203125
44,0.014086246490478516,0.0034608840942382812,0.0002410411834716797,0.0004208087921142578
45,0.014141082763671875,0.003596067428588867,0.000244140625,0.0004286766052246094
46,0.014199018478393555,0.003731966018676758,0.000247955322265625,0.0004367828369140625
47,0.01425623893737793,0.0038840770721435547,0.0002510547637939453,0.0004436969757080078
48,0.014313220977783203,0.004019021987915039,0.00025534629821777344,0.00045180320739746094
49,0.014369010925292969,0.0041539669036865234,0.0002579689025878906,0.00045990943908691406
50,0.01443028450012207,0.004289150238037109,0.00026106834411621094,0.0004668235778808594
51,0.014491081237792969,0.004423856735229492,0.0002651214599609375,0.00047469139099121094
52,0.014552116394042969,0.004559993743896484,0.00026798248291015625,0.00048279762268066406
53,0.014613151550292969,0.00469517707824707,0.0002720355987548828,0.0004899501800537109
54,0.014672040939331055,0.004831075668334961,0.0002751350402832031,0.0004978179931640625
55,0.014736175537109375,0.004966020584106445,0.0002789497375488281,0.0005047321319580078
56,0.014798164367675781,0.005101203918457031,0.00028204917907714844,0.0005128383636474609
57,0.014862060546875,0.005237102508544922,0.00028514862060546875,0.0005209445953369141
58,0.014925003051757812,0.005383014678955078,0.00028896331787109375,0.0005278587341308594
59,0.014990091323852539,0.005518913269042969,0.00029206275939941406,0.0005357265472412109
60,0.015053987503051758,0.00566411018371582,0.0002961158752441406,0.0005438327789306641
61,0.01512002944946289,0.0058100223541259766,0.0002989768981933594,0.0005507469177246094
62,0.015186071395874023,0.00594782829284668,0.0003020763397216797,0.0005588531494140625
63,0.015259027481079102,0.005957841873168945,0.00030612945556640625,0.0005669593811035156
64,0.015332221984863281,0.006227970123291016,0.00030994415283203125,0.0005748271942138672
65,0.015406131744384766,0.006489992141723633,0.00031304359436035156,0.0005829334259033203
66,0.015480995178222656,0.006751060485839844,0.0003170967102050781,0.0005908012390136719
67,0.015560150146484375,0.007012128829956055,0.0003209114074707031,0.0005986690521240234
68,0.015638113021850586,0.007272005081176758,0.00032401084899902344,0.0006067752838134766
69,0.015717029571533203,0.0075359344482421875,0.00032830238342285156,0.0006148815155029297
70,0.015796184539794922,0.0077970027923583984,0.00033092498779296875,0.0006227493286132812
71,0.015877246856689453,0.008057117462158203,0.0003352165222167969,0.0006299018859863281
72,0.015959978103637695,0.008316993713378906,0.00033926963806152344,0.0006377696990966797
73,0.01604294776916504,0.008578062057495117,0.0003421306610107422,0.0006458759307861328
74,0.016125202178955078,0.008838891983032227,0.00034618377685546875,0.0006537437438964844
75,0.016209125518798828,0.009098052978515625,0.00034928321838378906,0.0006618499755859375
76,0.016291141510009766,0.009358882904052734,0.00035309791564941406,0.0006699562072753906
77,0.01637411117553711,0.009618997573852539,0.0003571510314941406,0.0006768703460693359
78,0.016459941864013672,0.00988006591796875,0.00036025047302246094,0.0006847381591796875
79,0.016549110412597656,0.01014089584350586,0.00036406517028808594,0.0006928443908691406
80,0.01663827896118164,0.010416984558105469,0.0003681182861328125,0.0007009506225585938
81,0.01672816276550293,0.010681867599487305,0.0003712177276611328,0.0007088184356689453
82,0.016817092895507812,0.010941028594970703,0.0003750324249267578,0.0007166862487792969
83,0.016906261444091797,0.011198997497558594,0.0003781318664550781,0.00072479248046875
84,0.016997098922729492,0.011459827423095703,0.0003821849822998047,0.0007317066192626953
85,0.017086267471313477,0.011722087860107422,0.0003859996795654297,0.0007398128509521484
86,0.017173290252685547,0.011984825134277344,0.00038909912109375,0.0007479190826416016
87,0.017263174057006836,0.012243986129760742,0.00039315223693847656,0.0007557868957519531
88,0.017354249954223633,0.01250600814819336,0.0003960132598876953,0.0007638931274414062
89,0.017446041107177734,0.012765884399414062,0.0004000663757324219,0.0007717609405517578
90,0.017538070678710938,0.013028144836425781,0.00040411949157714844,0.0007789134979248047
91,0.01763010025024414,0.01328897476196289,0.0004069805145263672,0.0007867813110351562
92,0.017724275588989258,0.013550043106079102,0.00041103363037109375,0.0007948875427246094
93,0.017820119857788086,0.013812065124511719,0.0004153251647949219,0.0008027553558349609
94,0.01791524887084961,0.014073848724365234,0.00041794776916503906,0.0008108615875244141
95,0.018014192581176758,0.014334917068481445,0.0004222393035888672,0.0008189678192138672
96,0.018114089965820312,0.014595985412597656,0.00042510032653808594,0.0008268356323242188
97,0.01821303367614746,0.01485586166381836,0.0004291534423828125,0.0008347034454345703
98,0.018316030502319336,0.015117168426513672,0.00043320655822753906,0.0008418560028076172
99,0.01842021942138672,0.015375852584838867,0.0004363059997558594,0.0008497238159179688
100,0.018524169921875,0.015636920928955078,0.0004401206970214844,0.0008578300476074219
101,0.018629074096679688,0.015896081924438477,0.0004432201385498047,0.0008656978607177734
102,0.018733978271484375,0.016156911849975586,0.00044727325439453125,0.0008738040924072266
103,0.01884317398071289,0.01641702651977539,0.00045108795166015625,0.0008819103240966797
104,0.018952131271362305,0.0166778564453125,0.00045418739318847656,0.000888824462890625
105,0.01906418800354004,0.016937971115112305,0.0004582405090332031,0.0008969306945800781
106,0.019175291061401367,0.017199993133544922,0.0004611015319824219,0.0009047985076904297
107,0.019292116165161133,0.01745891571044922,0.00046515464782714844,0.0009129047393798828
108,0.019407033920288086,0.017719030380249023,0.00046896934509277344,0.0009207725524902344
109,0.019524097442626953,0.017978906631469727,0.00047206878662109375,0.0009288787841796875
110,0.019639968872070312,0.018239974975585938,0.0004761219024658203,0.0009369850158691406
111,0.019759178161621094,0.018500804901123047,0.0004799365997314453,0.0009448528289794922
112,0.01987910270690918,0.01876211166381836,0.0004830360412597656,0.0009527206420898438
113,0.019999265670776367,0.019022226333618164,0.0004870891571044922,0.0009598731994628906
114,0.020116329193115234,0.019283056259155273,0.0004909038543701172,0.0009677410125732422
115,0.020238161087036133,0.019543170928955078,0.0004940032958984375,0.0009758472442626953
116,0.020356178283691406,0.019804954528808594,0.0004982948303222656,0.0009837150573730469
117,0.02047419548034668,0.0200650691986084,0.0005011558532714844,0.0009918212890625
118,0.020594120025634766,0.020326852798461914,0.0005052089691162109,0.0009999275207519531
119,0.020714998245239258,0.020589113235473633,0.0005092620849609375,0.0010068416595458984
120,0.020837068557739258,0.020849943161010742,0.0005118846893310547,0.0010149478912353516
121,0.02096104621887207,0.021110057830810547,0.0005161762237548828,0.0010228157043457031
122,0.021084070205688477,0.021370887756347656,0.0005192756652832031,0.0010309219360351562
123,0.02120804786682129,0.02163100242614746,0.0005230903625488281,0.0010387897491455078
124,0.02133321762084961,0.02189183235168457,0.0005271434783935547,0.0010466575622558594
125,0.021461963653564453,0.022151947021484375,0.000530242919921875,0.0010538101196289062
126,0.021592140197753906,0.0224149227142334,0.0005381107330322266,0.0010619163513183594
127,0.021731138229370117,0.022425174713134766,0.0005421638488769531,0.0010707378387451172
128,0.02187514305114746,0.02295088768005371,0.0005459785461425781,0.0010788440704345703
129,0.02201533317565918,0.023463010787963867,0.0005500316619873047,0.0010869503021240234
130,0.022159099578857422,0.02397298812866211,0.0005543231964111328,0.0010957717895507812
131,0.022300243377685547,0.024487018585205078,0.0005581378936767578,0.0011038780212402344
132,0.022442340850830078,0.024997949600219727,0.0005621910095214844,0.001111745834350586
133,0.022583961486816406,0.02551102638244629,0.0005660057067871094,0.001119852066040039
134,0.022726058959960938,0.02602100372314453,0.0005700588226318359,0.0011279582977294922
135,0.022871017456054688,0.026535987854003906,0.0005741119384765625,0.0011358261108398438
136,0.023017168045043945,0.02704787254333496,0.0005781650543212891,0.0011436939239501953
137,0.0231630802154541,0.02755904197692871,0.0005822181701660156,0.0011518001556396484
138,0.023308992385864258,0.028070926666259766,0.0005853176116943359,0.0011599063873291016
139,0.023457050323486328,0.028581857681274414,0.0005891323089599609,0.0011677742004394531
140,0.0236051082611084,0.02909398078918457,0.0005931854248046875,0.0011768341064453125
141,0.02375507354736328,0.02960491180419922,0.0005970001220703125,0.0011849403381347656
142,0.023904085159301758,0.030116796493530273,0.0006010532379150391,0.0011928081512451172
143,0.02405714988708496,0.030631065368652344,0.0006051063537597656,0.0012009143829345703
144,0.02421116828918457,0.031140804290771484,0.0006089210510253906,0.0012087821960449219
145,0.024364948272705078,0.031652212142944336,0.0006120204925537109,0.001216888427734375
146,0.02451920509338379,0.03216409683227539,0.0006163120269775391,0.0012247562408447266
147,0.024676084518432617,0.03267621994018555,0.0006201267242431641,0.0012328624725341797
148,0.02483201026916504,0.03318500518798828,0.0006241798400878906,0.0012407302856445312
149,0.024991273880004883,0.03369498252868652,0.0006282329559326172,0.0012488365173339844
150,0.025149106979370117,0.034204959869384766,0.0006320476531982422,0.0012578964233398438
151,0.02530813217163086,0.03473210334777832,0.0006361007690429688,0.0012657642364501953
152,0.025468111038208008,0.03524518013000488,0.0006392002105712891,0.0012738704681396484
153,0.02563023567199707,0.035755157470703125,0.0006430149078369141,0.00128173828125
154,0.025791168212890625,0.0362701416015625,0.0006470680236816406,0.0012898445129394531
155,0.025954008102416992,0.036779165267944336,0.0006511211395263672,0.0012977123260498047
156,0.02611708641052246,0.03729104995727539,0.0006551742553710938,0.0013058185577392578
157,0.026282310485839844,0.037802934646606445,0.0006592273712158203,0.0013136863708496094
158,0.026446104049682617,0.0383150577545166,0.0006620883941650391,0.0013217926025390625
159,0.026615142822265625,0.03882908821105957,0.0006661415100097656,0.0013308525085449219
160,0.026783227920532227,0.03934121131896973,0.0006701946258544922,0.0013387203216552734
161,0.02695322036743164,0.039852142333984375,0.0006740093231201172,0.0013468265533447266
162,0.027123212814331055,0.040367841720581055,0.0006780624389648438,0.0013549327850341797
163,0.027295351028442383,0.04087996482849121,0.0006823539733886719,0.0013628005981445312
164,0.027467966079711914,0.04139304161071777,0.0006861686706542969,0.0013709068298339844
165,0.027642011642456055,0.041902780532836914,0.0006902217864990234,0.001378774642944336
166,0.027821063995361328,0.04241490364074707,0.0006940364837646484,0.001386880874633789
167,0.028001070022583008,0.042926788330078125,0.0006971359252929688,0.0013947486877441406
168,0.028176069259643555,0.04343986511230469,0.0007011890411376953,0.00140380859375
169,0.02835702896118164,0.043953895568847656,0.0007050037384033203,0.0014116764068603516
170,0.028535127639770508,0.04448699951171875,0.0007090568542480469,0.0014200210571289062
171,0.028715133666992188,0.04502415657043457,0.0007131099700927734,0.0014278888702392578
172,0.028893232345581055,0.045567989349365234,0.0007171630859375,0.0014357566833496094
173,0.029073238372802734,0.04608488082885742,0.0007200241088867188,0.0014438629150390625
174,0.029253244400024414,0.04661703109741211,0.0007243156433105469,0.0014526844024658203
175,0.029436111450195312,0.04712986946105957,0.0007281303405761719,0.0014607906341552734
176,0.02962017059326172,0.04764699935913086,0.0007321834564208984,0.0014688968658447266
177,0.02980518341064453,0.04816007614135742,0.0007359981536865234,0.0014767646789550781
178,0.029990196228027344,0.04868197441101074,0.00074005126953125,0.0014846324920654297
179,0.03017711639404297,0.049198150634765625,0.0007441043853759766,0.0014929771423339844
180,0.0303652286529541,0.04970908164978027,0.0007479190826416016,0.001500844955444336
181,0.030553102493286133,0.05022382736206055,0.0007510185241699219,0.0015099048614501953
182,0.030741214752197266,0.050744056701660156,0.00075531005859375,0.0015177726745605469
183,0.030932188034057617,0.05125713348388672,0.000759124755859375,0.00152587890625
184,0.03112316131591797,0.05176806449890137,0.0007631778717041016,0.0015337467193603516
185,0.03131532669067383,0.05229592323303223,0.0007672309875488281,0.0015418529510498047
186,0.03150820732116699,0.052865028381347656,0.0007710456848144531,0.0015497207641601562
187,0.03170204162597656,0.053468942642211914,0.0007750988006591797,0.0015578269958496094
188,0.03189706802368164,0.054019927978515625,0.0007781982421875,0.0015668869018554688
189,0.03209710121154785,0.054615020751953125,0.000782012939453125,0.0015747547149658203
190,0.032293081283569336,0.05512714385986328,0.0007860660552978516,0.0015828609466552734
191,0.03249502182006836,0.05563807487487793,0.0007901191711425781,0.0015909671783447266
192,0.0326991081237793,0.05615687370300293,0.0007941722869873047,0.0015988349914550781
193,0.032903194427490234,0.0566709041595459,0.0007982254028320312,0.0016078948974609375
194,0.03310513496398926,0.05718517303466797,0.0008020401000976562,0.001615762710571289
195,0.03331112861633301,0.05769920349121094,0.0008060932159423828,0.0016236305236816406
196,0.033514976501464844,0.05821394920349121,0.0008091926574707031,0.0016319751739501953
197,0.03372001647949219,0.05872797966003418,0.0008130073547363281,0.0016398429870605469
198,0.03392505645751953,0.05924201011657715,0.0008170604705810547,0.0016477108001708984
199,0.034133195877075195,0.059754133224487305,0.0008213520050048828,0.0016558170318603516
200,0.03434109687805176,0.060270071029663086,0.0008251667022705078,0.001664876937866211
201,0.034551143646240234,0.06079912185668945,0.0008292198181152344,0.001672983169555664
202,0.0347592830657959,0.0613100528717041,0.0008330345153808594,0.0016808509826660156
203,0.03496217727661133,0.06182408332824707,0.0008361339569091797,0.0016887187957763672
204,0.035166263580322266,0.06233716011047363,0.0008401870727539062,0.0016968250274658203
205,0.03537297248840332,0.0628519058227539,0.0008440017700195312,0.0017049312591552734
206,0.03558611869812012,0.06336593627929688,0.0008480548858642578,0.001712799072265625
207,0.03579998016357422,0.06387782096862793,0.0008521080017089844,0.0017206668853759766
208,0.0360109806060791,0.06438994407653809,0.0008549690246582031,0.0017290115356445312
209,0.03622126579284668,0.06489992141723633,0.0008590221405029297,0.0017368793487548828
210,0.036431074142456055,0.0654149055480957,0.0008633136749267578,0.0017447471618652344
211,0.036643028259277344,0.06592702865600586,0.0008671283721923828,0.0017528533935546875
212,0.03685498237609863,0.06643986701965332,0.0008711814880371094,0.0017609596252441406
213,0.03706693649291992,0.06694889068603516,0.0008749961853027344,0.0017688274383544922
214,0.03728008270263672,0.06746101379394531,0.0008780956268310547,0.0017778873443603516
215,0.03749513626098633,0.06797289848327637,0.0008821487426757812,0.0017857551574707031
216,0.037711143493652344,0.06848788261413574,0.0008859634399414062,0.0017936229705810547
217,0.03792715072631836,0.0690000057220459,0.0008900165557861328,0.0018019676208496094
218,0.03815317153930664,0.06951403617858887,0.0008943080902099609,0.001809835433959961
219,0.03838515281677246,0.07002711296081543,0.0008981227874755859,0.0018177032470703125
220,0.03860807418823242,0.07054018974304199,0.0009021759033203125,0.0018258094787597656
221,0.03883790969848633,0.07105207443237305,0.0009052753448486328,0.0018339157104492188
222,0.039057254791259766,0.07156109809875488,0.0009090900421142578,0.0018427371978759766
223,0.03928422927856445,0.07207298278808594,0.0009131431579589844,0.0018508434295654297
224,0.03950929641723633,0.0725870132446289,0.0009169578552246094,0.0018587112426757812
225,0.0397341251373291,0.07309794425964355,0.0009210109710693359,0.0018668174743652344
226,0.039958953857421875,0.07361316680908203,0.0009253025054931641,0.0018749237060546875
227,0.04018712043762207,0.07412505149841309,0.0009291172027587891,0.001882791519165039
228,0.040415287017822266,0.07463812828063965,0.0009331703186035156,0.0018906593322753906
229,0.040644168853759766,0.0751490592956543,0.0009362697601318359,0.0018999576568603516
230,0.04087328910827637,0.07566690444946289,0.0009400844573974609,0.0019078254699707031
231,0.04110407829284668,0.07618403434753418,0.0009441375732421875,0.0019159317016601562
232,0.041335105895996094,0.07669711112976074,0.0009481906890869141,0.0019237995147705078
233,0.04156804084777832,0.07721400260925293,0.0009520053863525391,0.001931905746459961
234,0.04180026054382324,0.0777289867401123,0.0009560585021972656,0.0019397735595703125
235,0.042051076889038086,0.07824015617370605,0.0009601116180419922,0.0019478797912597656
236,0.04229021072387695,0.0787510871887207,0.0009641647338867188,0.001955747604370117
237,0.04253506660461426,0.07926201820373535,0.0009682178497314453,0.0019638538360595703
238,0.04277324676513672,0.07978010177612305,0.0009710788726806641,0.0019719600677490234
239,0.043012142181396484,0.08029603958129883,0.0009751319885253906,0.001979827880859375
240,0.04325222969055176,0.0808100700378418,0.0009791851043701172,0.0019876956939697266
241,0.04349517822265625,0.08132410049438477,0.0009829998016357422,0.0019960403442382812
242,0.04374408721923828,0.08183717727661133,0.0009870529174804688,0.002003908157348633
243,0.0439910888671875,0.08234715461730957,0.0009913444519042969,0.0020127296447753906
244,0.04424309730529785,0.08285999298095703,0.0009951591491699219,0.0020208358764648438
245,0.04449820518493652,0.08337211608886719,0.0009992122650146484,0.0020287036895751953
246,0.04474210739135742,0.08388781547546387,0.0010023117065429688,0.0020368099212646484
247,0.04498910903930664,0.08440399169921875,0.0010061264038085938,0.0020449161529541016
248,0.04523801803588867,0.08491802215576172,0.0010101795196533203,0.002052783966064453
249,0.04548501968383789,0.08543109893798828,0.0010139942169189453,0.0020606517791748047
250,0.04573321342468262,0.08594703674316406,0.0010180473327636719,0.0020689964294433594
251,0.04598212242126465,0.08646392822265625,0.0010221004486083984,0.002076864242553711
252,0.046231985092163086,0.08697819709777832,0.001026153564453125,0.0020847320556640625
253,0.04648327827453613,0.0874948501586914,0.0010302066802978516,0.002093791961669922
254,0.0467371940612793,0.0880289077758789,0.0010333061218261719,0.002101898193359375
255,0.04700422286987305,0.08803892135620117,0.0010380744934082031,0.0021097660064697266
256,0.04727816581726074,0.08907389640808105,0.0010421276092529297,0.002118825912475586
257,0.047556161880493164,0.0901041030883789,0.0010459423065185547,0.0021278858184814453
258,0.04783201217651367,0.09113502502441406,0.001051187515258789,0.002135753631591797
259,0.04809713363647461,0.09216117858886719,0.0010552406311035156,0.00214385986328125
260,0.048365116119384766,0.09318709373474121,0.0010590553283691406,0.0021529197692871094
261,0.048632144927978516,0.09421110153198242,0.0010631084442138672,0.002160787582397461
262,0.048899173736572266,0.09524106979370117,0.0010669231414794922,0.0021686553955078125
263,0.04917120933532715,0.09627389907836914,0.0010712146759033203,0.002177715301513672
264,0.04944300651550293,0.09730792045593262,0.0010752677917480469,0.002185821533203125
265,0.049715280532836914,0.09833097457885742,0.0010790824890136719,0.002193927764892578
266,0.049987077713012695,0.09936308860778809,0.0010831356048583984,0.0022017955780029297
267,0.05027413368225098,0.10038399696350098,0.0010879039764404297,0.0022106170654296875
268,0.05055713653564453,0.10148882865905762,0.0010921955108642578,0.002218961715698242
269,0.05083417892456055,0.10251593589782715,0.0010962486267089844,0.0022268295288085938
270,0.05110812187194824,0.10354399681091309,0.0011000633239746094,0.002235889434814453
271,0.051386117935180664,0.10456991195678711,0.001104116439819336,0.0022437572479248047
272,0.051670074462890625,0.10559892654418945,0.0011081695556640625,0.002251863479614258
273,0.051959991455078125,0.1066279411315918,0.0011119842529296875,0.002260923385620117
274,0.052245140075683594,0.10765600204467773,0.0011172294616699219,0.0022687911987304688
275,0.05253124237060547,0.10868310928344727,0.0011210441589355469,0.0022766590118408203
276,0.05282306671142578,0.10971403121948242,0.0011250972747802734,0.0022847652435302734
277,0.053106069564819336,0.11074113845825195,0.001129150390625,0.002293825149536133
278,0.05339217185974121,0.11180496215820312,0.001132965087890625,0.002301931381225586
279,0.05367708206176758,0.11283111572265625,0.0011372566223144531,0.0023097991943359375
280,0.05396223068237305,0.11385989189147949,0.0011413097381591797,0.002318859100341797
281,0.05424809455871582,0.1148838996887207,0.0011451244354248047,0.0023267269134521484
282,0.05453610420227051,0.11591196060180664,0.0011491775512695312,0.0023348331451416016
283,0.054824113845825195,0.11694216728210449,0.0011529922485351562,0.0023429393768310547
284,0.05511331558227539,0.11796998977661133,0.0011582374572753906,0.0023517608642578125
285,0.05542325973510742,0.11899495124816895,0.0011622905731201172,0.002359628677368164
286,0.05572819709777832,0.12002682685852051,0.0011661052703857422,0.0023679733276367188
287,0.05602407455444336,0.12106084823608398,0.0011701583862304688,0.0023767948150634766
288,0.05631828308105469,0.1220858097076416,0.0011739730834960938,0.0023849010467529297
289,0.056626081466674805,0.12311506271362305,0.0011780261993408203,0.0023927688598632812
290,0.056922197341918945,0.12413811683654785,0.0011823177337646484,0.002401590347290039
291,0.05722308158874512,0.12516498565673828,0.0011870861053466797,0.0024099349975585938
292,0.05752110481262207,0.12619805335998535,0.0011911392211914062,0.0024178028106689453
293,0.05782127380371094,0.1272268295288086,0.0011949539184570312,0.002425670623779297
294,0.0581212043762207,0.12825298309326172,0.0011990070343017578,0.0024347305297851562
295,0.058451175689697266,0.12928104400634766,0.001203298568725586,0.0024428367614746094
296,0.0587611198425293,0.13030791282653809,0.001207113265991211,0.0024509429931640625
297,0.05906414985656738,0.13134002685546875,0.0012111663818359375,0.0024597644805908203
298,0.05936717987060547,0.1323709487915039,0.001215219497680664,0.002467632293701172
299,0.05967998504638672,0.13340020179748535,0.001219034194946289,0.0024759769439697266
300,0.059992074966430664,0.13442683219909668,0.0012230873107910156,0.0024847984313964844
301,0.060302019119262695,0.13551688194274902,0.0012269020080566406,0.0024929046630859375
302,0.06060791015625,0.13655805587768555,0.001232147216796875,0.002500772476196289
303,0.060920000076293945,0.13759207725524902,0.0012362003326416016,0.0025098323822021484
304,0.06123709678649902,0.13861799240112305,0.0012400150299072266,0.0025179386138916016
305,0.06154894828796387,0.1396479606628418,0.0012440681457519531,0.002525806427001953
306,0.06186103820800781,0.140671968460083,0.0012481212615966797,0.0025348663330078125
307,0.0621790885925293,0.14169716835021973,0.0012521743774414062,0.002542734146118164
308,0.06249427795410156,0.14272212982177734,0.0012562274932861328,0.002550840377807617
309,0.06280899047851562,0.14376187324523926,0.0012600421905517578,0.0025599002838134766
310,0.06312704086303711,0.14478707313537598,0.0012650489807128906,0.002567768096923828
311,0.063446044921875,0.145827054977417,0.0012693405151367188,0.0025758743286132812
312,0.06376433372497559,0.1468820571899414,0.0012731552124023438,0.002584695816040039
313,0.06408309936523438,0.14790892601013184,0.0012772083282470703,0.0025930404663085938
314,0.06440210342407227,0.1489400863647461,0.0012810230255126953,0.0026009082794189453
315,0.06472420692443848,0.1499640941619873,0.0012850761413574219,0.002608776092529297
316,0.06504607200622559,0.15099000930786133,0.0012891292572021484,0.0026178359985351562
317,0.0653691291809082,0.15201687812805176,0.0012929439544677734,0.002625703811645508
318,0.06569218635559082,0.1530449390411377,0.0012972354888916016,0.002633810043334961
319,0.06602001190185547,0.1540689468383789,0.0013010501861572266,0.0026428699493408203
320,0.06634902954101562,0.15509605407714844,0.0013060569763183594,0.002650737762451172
321,0.06670713424682617,0.15612506866455078,0.001310110092163086,0.002658843994140625
322,0.06705522537231445,0.1571500301361084,0.0013141632080078125,0.0026679039001464844
323,0.06739020347595215,0.15817499160766602,0.001318216323852539,0.002675771713256836
324,0.06772232055664062,0.15920424461364746,0.0013222694396972656,0.002683877944946289
325,0.06807231903076172,0.1602339744567871,0.0013260841369628906,0.002692699432373047
326,0.06840801239013672,0.1612858772277832,0.0013301372528076172,0.0027008056640625
327,0.06874513626098633,0.16231513023376465,0.0013339519500732422,0.0027098655700683594
328,0.06908512115478516,0.1633448600769043,0.0013380050659179688,0.0027179718017578125
329,0.06943321228027344,0.16437506675720215,0.0013432502746582031,0.002725839614868164
330,0.06977415084838867,0.1654059886932373,0.0013470649719238281,0.0027337074279785156
331,0.07011294364929199,0.1664278507232666,0.0013511180877685547,0.0027430057525634766
332,0.07045412063598633,0.1674518585205078,0.0013549327850341797,0.002750873565673828
333,0.07079815864562988,0.16847896575927734,0.0013592243194580078,0.0027587413787841797
334,0.07113909721374512,0.16950607299804688,0.0013632774353027344,0.002767801284790039
335,0.07148528099060059,0.1705338954925537,0.0013670921325683594,0.0027756690979003906
336,0.07183003425598145,0.17156314849853516,0.001371145248413086,0.0027840137481689453
337,0.07218027114868164,0.172590970993042,0.0013759136199951172,0.002792835235595703
338,0.07253026962280273,0.17361903190612793,0.0013802051544189453,0.0028007030487060547
339,0.07288217544555664,0.17464995384216309,0.0013842582702636719,0.002808809280395508
340,0.07322907447814941,0.17568397521972656,0.0013880729675292969,0.002816915512084961
341,0.07357907295227051,0.17671608924865723,0.0013921260833740234,0.0028259754180908203
342,0.07393097877502441,0.1777479648590088,0.00139617919921875,0.002833843231201172
343,0.07428407669067383,0.17878293991088867,0.001399993896484375,0.0028417110443115234
344,0.0746622085571289,0.17981219291687012,0.0014040470123291016,0.002850770950317383
345,0.07503199577331543,0.18084001541137695,0.0014081001281738281,0.002858877182006836
346,0.07538509368896484,0.18186593055725098,0.0014121532440185547,0.0028667449951171875
347,0.07574224472045898,0.18289494514465332,0.0014162063598632812,0.002875804901123047
348,0.0761110782623291,0.18391895294189453,0.0014209747314453125,0.0028836727142333984
349,0.07647109031677246,0.18494796752929688,0.0014252662658691406,0.002892017364501953
350,0.07683134078979492,0.18597722053527832,0.0014290809631347656,0.0028998851776123047
351,0.0771932601928711,0.18700385093688965,0.0014331340789794922,0.002908945083618164
352,0.07757115364074707,0.18802690505981445,0.0014371871948242188,0.0029168128967285156
353,0.07795023918151855,0.18905186653137207,0.0014410018920898438,0.0029256343841552734
354,0.07831716537475586,0.19008398056030273,0.0014450550079345703,0.002933979034423828
355,0.07868623733520508,0.19111204147338867,0.0014503002166748047,0.0029418468475341797
356,0.07905101776123047,0.19214105606079102,0.0014541149139404297,0.002950906753540039
357,0.07941699028015137,0.19316411018371582,0.0014581680297851562,0.0029587745666503906
358,0.07978415489196777,0.19419002532958984,0.0014619827270507812,0.002966642379760742
359,0.0801541805267334,0.19521689414978027,0.0014660358428955078,0.002975940704345703
360,0.08052396774291992,0.1962430477142334,0.001470327377319336,0.0029838085174560547
361,0.08089804649353027,0.1972670555114746,0.001474142074584961,0.0029916763305664062
362,0.0812690258026123,0.19829511642456055,0.0014781951904296875,0.0029997825622558594
363,0.08164215087890625,0.19931912422180176,0.001482248306274414,0.0030088424682617188
364,0.08201813697814941,0.2003469467163086,0.001486063003540039,0.003016948699951172
365,0.08239912986755371,0.20137405395507812,0.0014901161193847656,0.0030257701873779297
366,0.08279609680175781,0.20240116119384766,0.0014951229095458984,0.003033876419067383
367,0.08318829536437988,0.20342302322387695,0.001499176025390625,0.0030417442321777344
368,0.08357119560241699,0.20444703102111816,0.0015032291412353516,0.0030508041381835938
369,0.08396005630493164,0.2054750919342041,0.0015070438385009766,0.003058910369873047
370,0.08435702323913574,0.2064969539642334,0.0015110969543457031,0.0030667781829833984
371,0.0847463607788086,0.2075200080871582,0.0015149116516113281,0.003075838088989258
372,0.08513212203979492,0.20854496955871582,0.0015201568603515625,0.003083944320678711
373,0.08551812171936035,0.20956802368164062,0.001524209976196289,0.0030918121337890625
374,0.08590936660766602,0.21059417724609375,0.001528024673461914,0.003100872039794922
375,0.0863180160522461,0.2116701602935791,0.0015320777893066406,0.0031087398529052734
376,0.08671116828918457,0.21270203590393066,0.0015358924865722656,0.003116607666015625
377,0.08710122108459473,0.21373224258422852,0.0015401840209960938,0.0031249523162841797
378,0.08749198913574219,0.21475791931152344,0.0015442371368408203,0.0031337738037109375
379,0.08788514137268066,0.2157890796661377,0.0015480518341064453,0.0031418800354003906
380,0.08827805519104004,0.21681499481201172,0.0015521049499511719,0.003149747848510742
381,0.08867621421813965,0.21783804893493652,0.0015561580657958984,0.0031588077545166016
382,0.08907008171081543,0.21886396408081055,0.0015599727630615234,0.0031669139862060547
383,0.08947205543518066,0.21988987922668457,0.0015652179718017578,0.0031747817993164062
384,0.08987212181091309,0.2209160327911377,0.0015690326690673828,0.0031838417053222656
385,0.0902719497680664,0.22194314002990723,0.0015730857849121094,0.003191709518432617
386,0.09069204330444336,0.22296714782714844,0.001577138900756836,0.0031998157501220703
387,0.09111809730529785,0.22399306297302246,0.0015821456909179688,0.0032088756561279297
388,0.09152507781982422,0.22501707077026367,0.0015861988067626953,0.0032167434692382812
389,0.0919332504272461,0.22604703903198242,0.0015900135040283203,0.0032248497009277344
390,0.09235191345214844,0.22707509994506836,0.0015940666198730469,0.003233671188354492
391,0.09276318550109863,0.2281019687652588,0.0015981197357177734,0.0032417774200439453
392,0.09317398071289062,0.2291247844696045,0.0016019344329833984,0.0032498836517333984
393,0.09358096122741699,0.23015189170837402,0.0016062259674072266,0.00325775146484375
394,0.09398818016052246,0.23117280006408691,0.0016109943389892578,0.0032668113708496094
395,0.09439611434936523,0.23220109939575195,0.0016150474548339844,0.0032749176025390625
396,0.09480595588684082,0.23322606086730957,0.001619100570678711,0.003282785415649414
397,0.09521913528442383,0.23424911499023438,0.0016231536865234375,0.003290891647338867
398,0.09563326835632324,0.235274076461792,0.001627206802368164,0.003299713134765625
399,0.09605026245117188,0.23629999160766602,0.0016312599182128906,0.0033080577850341797
400,0.09647202491760254,0.23732209205627441,0.0016350746154785156,0.0033159255981445312
401,0.09689021110534668,0.23834490776062012,0.0016391277313232422,0.003324747085571289
402,0.0973060131072998,0.23937010765075684,0.001644134521484375,0.003332853317260742
403,0.09772610664367676,0.24039292335510254,0.0016481876373291016,0.0033407211303710938
404,0.0981440544128418,0.24141907691955566,0.0016522407531738281,0.0033500194549560547
405,0.09856605529785156,0.24244308471679688,0.0016560554504394531,0.0033578872680664062
406,0.09902715682983398,0.24346494674682617,0.0016601085662841797,0.003365755081176758
407,0.09946918487548828,0.2445068359375,0.0016639232635498047,0.003374814987182617
408,0.09989118576049805,0.24553704261779785,0.0016682147979736328,0.0033829212188720703
409,0.10033106803894043,0.24655890464782715,0.0016722679138183594,0.003390789031982422
410,0.10075902938842773,0.2475888729095459,0.0016760826110839844,0.0033998489379882812
411,0.10118699073791504,0.2486128807067871,0.001680135726928711,0.003407716751098633
412,0.10161614418029785,0.24963784217834473,0.0016849040985107422,0.003415822982788086
413,0.10204410552978516,0.25066184997558594,0.0016891956329345703,0.0034248828887939453
414,0.10248327255249023,0.2516899108886719,0.0016932487487792969,0.003432750701904297
415,0.10293221473693848,0.2527151107788086,0.0016970634460449219,0.00344085693359375
416,0.10336709022521973,0.2537422180175781,0.0017011165618896484,0.003449678421020508
417,0.1038062572479248,0.25476694107055664,0.001705169677734375,0.003457784652709961
418,0.10424327850341797,0.25579404830932617,0.001708984375,0.003465890884399414
419,0.10468125343322754,0.2568190097808838,0.0017142295837402344,0.0034749507904052734
420,0.10512304306030273,0.25784802436828613,0.0017180442810058594,0.003482818603515625
421,0.10556316375732422,0.25887393951416016,0.001722097396850586,0.0034906864166259766
422,0.10600423812866211,0.2599020004272461,0.0017261505126953125,0.0034999847412109375
423,0.1064460277557373,0.2609260082244873,0.0017299652099609375,0.003507852554321289
424,0.10688924789428711,0.26195192337036133,0.0017342567443847656,0.0035157203674316406
425,0.1073751449584961,0.26297593116760254,0.0017383098602294922,0.0035247802734375
426,0.1078341007232666,0.26400303840637207,0.0017421245574951172,0.0035326480865478516
427,0.10828113555908203,0.2650299072265625,0.0017461776733398438,0.0035409927368164062
428,0.10874319076538086,0.26605701446533203,0.0017499923706054688,0.003548860549926758
429,0.10919427871704102,0.2670860290527344,0.0017540454864501953,0.0035576820373535156
430,0.10964298248291016,0.2681090831756592,0.0017592906951904297,0.0035657882690429688
431,0.11009812355041504,0.2691349983215332,0.0017631053924560547,0.003573894500732422
432,0.11055421829223633,0.270158052444458,0.0017671585083007812,0.0035829544067382812
433,0.11102890968322754,0.27118706703186035,0.0017709732055664062,0.003590822219848633
434,0.11150097846984863,0.2722170352935791,0.0017750263214111328,0.0035986900329589844
435,0.11197423934936523,0.27324604988098145,0.001779317855834961,0.0036067962646484375
436,0.11243510246276855,0.27426791191101074,0.001783132553100586,0.003615856170654297
437,0.11289119720458984,0.27529406547546387,0.0017871856689453125,0.00362396240234375
438,0.1134951114654541,0.2763211727142334,0.001791238784790039,0.0036318302154541016
439,0.11395907402038574,0.27734899520874023,0.0017960071563720703,0.003639698028564453
440,0.11442089080810547,0.2783801555633545,0.0018002986907958984,0.003648996353149414
441,0.11488509178161621,0.2794067859649658,0.0018041133880615234,0.0036568641662597656
442,0.1153872013092041,0.28043389320373535,0.00180816650390625,0.003664731979370117
443,0.11586403846740723,0.2814631462097168,0.0018122196197509766,0.0036737918853759766
444,0.1163320541381836,0.28249192237854004,0.0018160343170166016,0.003681659698486328
445,0.11681318283081055,0.2835221290588379,0.0018200874328613281,0.003690004348754883
446,0.1172792911529541,0.2845430374145508,0.0018239021301269531,0.0036988258361816406
447,0.1177511215209961,0.28557395935058594,0.0018291473388671875,0.003706693649291992
448,0.11822724342346191,0.28660106658935547,0.001833200454711914,0.0037147998809814453
449,0.11870002746582031,0.2876307964324951,0.001837015151977539,0.0037238597869873047
450,0.11917614936828613,0.28865694999694824,0.0018410682678222656,0.003731966018676758
451,0.11966419219970703,0.28968095779418945,0.0018453598022460938,0.0037407875061035156
452,0.12013912200927734,0.29070591926574707,0.0018491744995117188,0.003748655319213867
453,0.12061619758605957,0.291733980178833,0.0018532276153564453,0.0037567615509033203
454,0.12109208106994629,0.29276180267333984,0.0018579959869384766,0.0037658214569091797
455,0.12157106399536133,0.2937901020050049,0.0018620491027832031,0.003773927688598633
456,0.12205100059509277,0.2948129177093506,0.0018663406372070312,0.0037817955017089844
457,0.12253403663635254,0.29584407806396484,0.0018701553344726562,0.0037908554077148438
458,0.12301516532897949,0.2968719005584717,0.0018742084503173828,0.0037987232208251953
459,0.12352108955383301,0.2978999614715576,0.0018780231475830078,0.0038068294525146484
460,0.12400412559509277,0.29892897605895996,0.0018820762634277344,0.003815889358520508
461,0.12449812889099121,0.29996609687805176,0.001886129379272461,0.0038237571716308594
462,0.12498807907104492,0.3009979724884033,0.0018911361694335938,0.003831624984741211
463,0.12547922134399414,0.30202603340148926,0.0018951892852783203,0.003840923309326172
464,0.12597131729125977,0.303056001663208,0.0018990039825439453,0.0038487911224365234
465,0.12646007537841797,0.3040788173675537,0.0019030570983886719,0.0038568973541259766
466,0.1269512176513672,0.30510687828063965,0.0019071102142333984,0.0038657188415527344
467,0.12744593620300293,0.3061408996582031,0.0019109249114990234,0.003873586654663086
468,0.12796425819396973,0.3071870803833008,0.0019161701202392578,0.0038819313049316406
469,0.12845730781555176,0.3082277774810791,0.0019199848175048828,0.0038907527923583984
470,0.12895417213439941,0.30925703048706055,0.0019240379333496094,0.0038988590240478516
471,0.1294541358947754,0.3102869987487793,0.001928091049194336,0.003906726837158203
472,0.12995409965515137,0.31131911277770996,0.0019321441650390625,0.003916025161743164
473,0.13045406341552734,0.3123631477355957,0.001936197280883789,0.003923892974853516
474,0.13097906112670898,0.3134012222290039,0.0019402503967285156,0.003931760787963867
475,0.13150906562805176,0.31442999839782715,0.0019440650939941406,0.0039408206939697266
476,0.13200926780700684,0.3154580593109131,0.0019490718841552734,0.003948688507080078
477,0.13252925872802734,0.3164820671081543,0.001953125,0.003956794738769531
478,0.13303494453430176,0.3175060749053955,0.0019571781158447266,0.003965854644775391
479,0.13354206085205078,0.31853604316711426,0.001961231231689453,0.003973722457885742
480,0.13408923149108887,0.3195929527282715,0.001965045928955078,0.003981828689575195
481,0.1345970630645752,0.32065582275390625,0.0019690990447998047,0.003990650177001953
482,0.13510608673095703,0.3217349052429199,0.0019741058349609375,0.003998994827270508
483,0.13561797142028809,0.3228130340576172,0.001978158950805664,0.004006862640380859
484,0.13615107536315918,0.3238852024078369,0.0019822120666503906,0.004015684127807617
485,0.13667917251586914,0.324984073638916,0.0019860267639160156,0.00402379035949707
486,0.1371922492980957,0.3261098861694336,0.001990079879760742,0.0040318965911865234
487,0.1377100944519043,0.3272700309753418,0.0019941329956054688,0.004040956497192383
488,0.13822722434997559,0.3284280300140381,0.0019981861114501953,0.004048824310302734
489,0.13874411582946777,0.3295300006866455,0.002002239227294922,0.004056692123413086
490,0.13930702209472656,0.3306100368499756,0.002006053924560547,0.004065036773681641
491,0.13983917236328125,0.3316948413848877,0.0020101070404052734,0.0040738582611083984
492,0.14036130905151367,0.3327958583831787,0.002015352249145508,0.00408172607421875
493,0.14089703559875488,0.33388185501098633,0.002019166946411133,0.004090785980224609
494,0.1414182186126709,0.33498716354370117,0.0020232200622558594,0.004098653793334961
495,0.14194297790527344,0.33609700202941895,0.0020270347595214844,0.004106998443603516
496,0.142470121383667,0.3372080326080322,0.002031087875366211,0.004114866256713867
497,0.14299631118774414,0.33834004402160645,0.0020351409912109375,0.0041239261627197266
498,0.143524169921875,0.33945202827453613,0.0020389556884765625,0.004131793975830078
499,0.14405012130737305,0.34056711196899414,0.0020432472229003906,0.004139900207519531
500,0.14461112022399902,0.3416891098022461,0.002047300338745117,0.004148960113525391
501,0.1451420783996582,0.34280920028686523,0.002051115036010742,0.004156827926635742
502,0.1456742286682129,0.3439459800720215,0.002056121826171875,0.004164695739746094
503,0.14620614051818848,0.3450651168823242,0.0020599365234375,0.004173755645751953
504,0.1467440128326416,0.34618306159973145,0.002064228057861328,0.004181861877441406
505,0.14730119705200195,0.3472859859466553,0.0020682811737060547,0.004189968109130859
506,0.1478712558746338,0.34836411476135254,0.0020720958709716797,0.004198789596557617
507,0.14841008186340332,0.34942102432250977,0.0020761489868164062,0.004206657409667969
508,0.14896416664123535,0.3505070209503174,0.0020809173583984375,0.0042150020599365234
509,0.1495051383972168,0.3515431880950928,0.0020852088928222656,0.004223823547363281
510,0.15004611015319824,0.35257983207702637,0.002089262008666992,0.004231929779052734
511,0.15059518814086914,0.35259079933166504,0.002093076705932617,0.004240751266479492
512,0.15114521980285645,0.35466599464416504,0.00209808349609375,0.004248857498168945
513,0.15169811248779297,0.35673999786376953,0.0021021366119384766,0.004257678985595703
514,0.15225529670715332,0.35881614685058594,0.0021071434020996094,0.004265785217285156
515,0.15282201766967773,0.36088991165161133,0.002111196517944336,0.004274845123291016
516,0.15337610244750977,0.3629610538482666,0.0021162033081054688,0.004283905029296875
517,0.1539309024810791,0.3650341033935547,0.0021202564239501953,0.0042917728424072266
518,0.15448594093322754,0.367110013961792,0.0021240711212158203,0.004300594329833984
519,0.1550450325012207,0.36919188499450684,0.002129077911376953,0.004308938980102539
520,0.15560317039489746,0.3712630271911621,0.002132892608642578,0.004317760467529297
521,0.15616202354431152,0.3733360767364502,0.0021371841430664062,0.00432586669921875
522,0.1567232608795166,0.3754141330718994,0.002142190933227539,0.004334688186645508
523,0.1573030948638916,0.3774862289428711,0.002146005630493164,0.004343748092651367
524,0.1578662395477295,0.3795661926269531,0.0021500587463378906,0.00435185432434082
525,0.15844011306762695,0.3816351890563965,0.0021550655364990234,0.00436091423034668
526,0.15902423858642578,0.38370680809020996,0.00215911865234375,0.004368782043457031
527,0.15959501266479492,0.38577890396118164,0.0021631717681884766,0.004377841949462891
528,0.16016197204589844,0.38785409927368164,0.0021681785583496094,0.004385709762573242
529,0.16073107719421387,0.3899209499359131,0.002172231674194336,0.004395008087158203
530,0.16132020950317383,0.3919968605041504,0.002177000045776367,0.004402875900268555
531,0.16189217567443848,0.394071102142334,0.0021810531616210938,0.0044116973876953125
532,0.16246914863586426,0.396151065826416,0.0021851062774658203,0.004419803619384766
533,0.1630411148071289,0.39823007583618164,0.002190113067626953,0.0044286251068115234
534,0.1636343002319336,0.40030908584594727,0.0021941661834716797,0.004436969757080078
535,0.16421914100646973,0.4023780822753906,0.0021979808807373047,0.004445791244506836
536,0.1648082733154297,0.40461015701293945,0.002203226089477539,0.004453897476196289
537,0.16539716720581055,0.406696081161499,0.0022072792053222656,0.004462718963623047
538,0.16597509384155273,0.40877485275268555,0.0022110939025878906,0.0044710636138916016
539,0.16655921936035156,0.4108591079711914,0.0022161006927490234,0.004479885101318359
540,0.16714000701904297,0.4129319190979004,0.0022199153900146484,0.004488945007324219
541,0.16772222518920898,0.41501593589782715,0.0022242069244384766,0.00449681282043457
542,0.1683051586151123,0.4170949459075928,0.002228260040283203,0.00450587272644043
543,0.16889214515686035,0.41918110847473145,0.0022330284118652344,0.004513740539550781
544,0.16949009895324707,0.4212679862976074,0.002237081527709961,0.004522800445556641
545,0.17007994651794434,0.4233520030975342,0.0022411346435546875,0.004530906677246094
546,0.1706700325012207,0.4254322052001953,0.0022461414337158203,0.0045397281646728516
547,0.1712639331817627,0.42751097679138184,0.002250194549560547,0.004547834396362305
548,0.17189598083496094,0.42958998680114746,0.002254009246826172,0.0045566558837890625
549,0.17249035835266113,0.431671142578125,0.0022592544555664062,0.004565000534057617
550,0.17309832572937012,0.4337470531463623,0.0022630691528320312,0.004573822021484375
551,0.17369604110717773,0.4358248710632324,0.002267122268676758,0.0045816898345947266
552,0.17429232597351074,0.43792009353637695,0.002271890640258789,0.004590749740600586
553,0.17488932609558105,0.43999791145324707,0.002276182174682617,0.004599809646606445
554,0.17549610137939453,0.44208216667175293,0.0022802352905273438,0.0046079158782958984
555,0.17610621452331543,0.4441721439361572,0.002285003662109375,0.004616975784301758
556,0.17670607566833496,0.44624805450439453,0.0022890567779541016,0.004624843597412109
557,0.17730927467346191,0.4483761787414551,0.0022933483123779297,0.004633665084838867
558,0.17794132232666016,0.4504561424255371,0.002298116683959961,0.00464177131652832
559,0.17854714393615723,0.452531099319458,0.0023021697998046875,0.00465083122253418
560,0.1791551113128662,0.45461416244506836,0.0023059844970703125,0.004659891128540039
561,0.17979717254638672,0.45669984817504883,0.002311229705810547,0.004667758941650391
562,0.1804041862487793,0.458787202835083,0.002315044403076172,0.00467681884765625
563,0.1810300350189209,0.4609050750732422,0.0023190975189208984,0.0046846866607666016
564,0.1816422939300537,0.46299004554748535,0.002324342727661133,0.0046939849853515625
565,0.18225812911987305,0.4650719165802002,0.002328157424926758,0.004701852798461914
566,0.18286991119384766,0.4671440124511719,0.0023322105407714844,0.0047109127044677734
567,0.1834871768951416,0.4692261219024658,0.0023369789123535156,0.004718780517578125
568,0.18410205841064453,0.4713020324707031,0.002341032028198242,0.004727602005004883
569,0.18471717834472656,0.4733870029449463,0.0023453235626220703,0.0047359466552734375
570,0.18533706665039062,0.4754598140716553,0.0023500919342041016,0.004743814468383789
571,0.18596911430358887,0.4775381088256836,0.002354145050048828,0.0047528743743896484
572,0.18659019470214844,0.47962498664855957,0.002359151840209961,0.004761695861816406
573,0.1872119903564453,0.4817080497741699,0.0023632049560546875,0.004769802093505859
574,0.18785810470581055,0.48378491401672363,0.002367258071899414,0.004778861999511719
575,0.18851518630981445,0.48586082458496094,0.0023720264434814453,0.004786968231201172
576,0.18914508819580078,0.4879481792449951,0.002376079559326172,0.00479578971862793
577,0.18978309631347656,0.49002599716186523,0.0023810863494873047,0.004804849624633789
578,0.1904129981994629,0.4920997619628906,0.0023851394653320312,0.004812717437744141
579,0.19104504585266113,0.49418187141418457,0.0023899078369140625,0.0048220157623291016
580,0.19167613983154297,0.4962639808654785,0.0023941993713378906,0.004829883575439453
581,0.19231200218200684,0.4983508586883545,0.002398252487182617,0.004838705062866211
582,0.1929471492767334,0.5004229545593262,0.0024030208587646484,0.00484776496887207
583,0.19358205795288086,0.5025138854980469,0.002407073974609375,0.004855632781982422
584,0.19423317909240723,0.5046069622039795,0.002412080764770508,0.004864931106567383
585,0.1948850154876709,0.5066838264465332,0.0024161338806152344,0.004872798919677734
586,0.19552206993103027,0.5087659358978271,0.002420186996459961,0.004881858825683594
587,0.19620823860168457,0.5108470916748047,0.0024251937866210938,0.004889726638793945
588,0.19686603546142578,0.5130009651184082,0.0024292469024658203,0.004898786544799805
589,0.1975259780883789,0.5150759220123291,0.0024340152740478516,0.004907846450805664
590,0.19816803932189941,0.5171451568603516,0.002438068389892578,0.004915952682495117
591,0.19881224632263184,0.5192251205444336,0.0024423599243164062,0.004924774169921875
592,0.19946002960205078,0.5213041305541992,0.0024471282958984375,0.004933834075927734
593,0.20010614395141602,0.5233809947967529,0.002451181411743164,0.004941701889038086
594,0.20075321197509766,0.5254530906677246,0.0024559497833251953,0.004950761795043945
595,0.20140409469604492,0.5275211334228516,0.0024602413177490234,0.0049588680267333984
596,0.20205211639404297,0.529594898223877,0.0024640560150146484,0.004967927932739258
597,0.20271611213684082,0.5316720008850098,0.0024690628051757812,0.004975795745849609
598,0.203369140625,0.5337450504302979,0.002473115921020508,0.004984855651855469
599,0.20406317710876465,0.5358221530914307,0.0024771690368652344,0.0049936771392822266
600,0.20473313331604004,0.5378999710083008,0.002482175827026367,0.00500178337097168
601,0.20540428161621094,0.5399718284606934,0.002485990524291992,0.005010843276977539
602,0.20606112480163574,0.542046070098877,0.0024900436401367188,0.0050199031829833984
603,0.20671820640563965,0.5441348552703857,0.002495288848876953,0.00502777099609375
604,0.20737910270690918,0.546205997467041,0.002499103546142578,0.005036592483520508
605,0.2080371379852295,0.5482840538024902,0.002504110336303711,0.0050449371337890625
606,0.20869803428649902,0.5503559112548828,0.002507925033569336,0.00505375862121582
607,0.20936226844787598,0.55242919921875,0.002512216567993164,0.0050618648529052734
608,0.21002626419067383,0.5545060634613037,0.0025169849395751953,0.005070686340332031
609,0.21069622039794922,0.5565838813781738,0.002521038055419922,0.005079746246337891
610,0.21138310432434082,0.5586659908294678,0.0025250911712646484,0.005087852478027344
611,0.21207594871520996,0.5607402324676514,0.0025300979614257812,0.005096912384033203
612,0.21277618408203125,0.5628218650817871,0.002534151077270508,0.005104780197143555
613,0.21346020698547363,0.5648980140686035,0.0025382041931152344,0.005113840103149414
614,0.21413612365722656,0.5669729709625244,0.002543210983276367,0.005121707916259766
615,0.2148122787475586,0.5690569877624512,0.0025472640991210938,0.0051310062408447266
616,0.2154850959777832,0.571134090423584,0.0025510787963867188,0.005138874053955078
617,0.21616005897521973,0.5732100009918213,0.0025560855865478516,0.005147695541381836
618,0.21683812141418457,0.5752840042114258,0.0025599002838134766,0.005155801773071289
619,0.2175159454345703,0.5773599147796631,0.0025641918182373047,0.005164623260498047
620,0.21819210052490234,0.5794382095336914,0.0025691986083984375,0.005173921585083008
621,0.2188730239868164,0.5815188884735107,0.0025730133056640625,0.005181789398193359
622,0.21956825256347656,0.5835959911346436,0.002578258514404297,0.005190849304199219
623,0.22028422355651855,0.5856688022613525,0.002582073211669922,0.00519871711730957
624,0.2209939956665039,0.5877490043640137,0.0025861263275146484,0.00520777702331543
625,0.2216942310333252,0.589832067489624,0.0025911331176757812,0.005215883255004883
626,0.22238421440124512,0.5919029712677002,0.002595186233520508,0.005224943161010742
627,0.22307515144348145,0.5939798355102539,0.0025992393493652344,0.005232810974121094
628,0.22376012802124023,0.5960519313812256,0.0026040077209472656,0.005241870880126953
629,0.22444891929626465,0.5981290340423584,0.002608060836791992,0.005249738693237305
630,0.22513914108276367,0.6002030372619629,0.0026121139526367188,0.005258798599243164
631,0.22583413124084473,0.6022768020629883,0.0026171207427978516,0.005266904830932617
632,0.22652912139892578,0.6043479442596436,0.002621173858642578,0.005275726318359375
633,0.22722196578979492,0.60642409324646,0.0026259422302246094,0.005283832550048828
634,0.22794318199157715,0.6085021495819092,0.0026302337646484375,0.005292654037475586
635,0.228682279586792,0.610572099685669,0.002634286880493164,0.005301952362060547
636,0.22939014434814453,0.6126470565795898,0.0026390552520751953,0.0053098201751708984
637,0.23010826110839844,0.6147232055664062,0.002643108367919922,0.005318880081176758
638,0.23080801963806152,0.6167938709259033,0.0026481151580810547,0.005326747894287109
639,0.23151516914367676,0.6188750267028809,0.0026521682739257812,0.005335807800292969
640,0.23223018646240234,0.6209521293640137,0.0026569366455078125,0.005343914031982422
641,0.23293828964233398,0.6230270862579346,0.0026612281799316406,0.005352973937988281
642,0.23364615440368652,0.6251039505004883,0.0026662349700927734,0.005361795425415039
643,0.23435521125793457,0.6271779537200928,0.0026700496673583984,0.005369663238525391
644,0.23506808280944824,0.6292579174041748,0.002674102783203125,0.00537872314453125
645,0.2357780933380127,0.6313400268554688,0.002679109573364258,0.005386829376220703
646,0.2365260124206543,0.6334118843078613,0.0026831626892089844,0.0053958892822265625
647,0.23725628852844238,0.6354858875274658,0.0026879310607910156,0.005404949188232422
648,0.23798704147338867,0.6375670433044434,0.002691984176635742,0.0054128170013427734
649,0.23870611190795898,0.6396410465240479,0.0026962757110595703,0.005421638488769531
650,0.23942232131958008,0.6417150497436523,0.0027010440826416016,0.005429983139038086
651,0.24013900756835938,0.6437880992889404,0.002705097198486328,0.005438804626464844
652,0.240861177444458,0.6458618640899658,0.002708911895751953,0.005446910858154297
653,0.2415790557861328,0.6479611396789551,0.0027141571044921875,0.005455732345581055
654,0.24230718612670898,0.6500601768493652,0.002718210220336914,0.005463600158691406
655,0.24303102493286133,0.6521458625793457,0.0027229785919189453,0.005472898483276367
656,0.24375510215759277,0.6542680263519287,0.0027272701263427734,0.0054819583892822266
657,0.24448299407958984,0.6563470363616943,0.0027320384979248047,0.005489826202392578
658,0.24524211883544922,0.658473014831543,0.0027360916137695312,0.00549769401550293
659,0.2459850311279297,0.6605761051177979,0.002740144729614258,0.005506753921508789
660,0.24671506881713867,0.6626770496368408,0.0027451515197753906,0.00551605224609375
661,0.24744534492492676,0.6647717952728271,0.002749204635620117,0.0055239200592041016
662,0.24817514419555664,0.6668620109558105,0.0027539730072021484,0.005532741546630859
663,0.2489180564880371,0.6689610481262207,0.0027582645416259766,0.0055408477783203125
664,0.24965119361877441,0.6710410118103027,0.002762317657470703,0.00554966926574707
665,0.25038814544677734,0.673145055770874,0.0027670860290527344,0.005558013916015625
666,0.25112223625183105,0.6752278804779053,0.002771139144897461,0.005566835403442383
667,0.2518630027770996,0.6773078441619873,0.002774953842163086,0.005575895309448242
668,0.25265026092529297,0.6793820858001709,0.0027801990509033203,0.005583763122558594
669,0.253406286239624,0.6814978122711182,0.0027840137481689453,0.005592823028564453
670,0.2541632652282715,0.6835689544677734,0.002789020538330078,0.005600929260253906
671,0.2549140453338623,0.6856708526611328,0.0027933120727539062,0.005609989166259766
672,0.2556591033935547,0.6877660751342773,0.0027971267700195312,0.005617856979370117
673,0.256411075592041,0.6898720264434814,0.002802133560180664,0.005626678466796875
674,0.2571601867675781,0.6919710636138916,0.002805948257446289,0.005634784698486328
675,0.25791406631469727,0.6940832138061523,0.0028100013732910156,0.0056438446044921875
676,0.2586641311645508,0.6961631774902344,0.00281524658203125,0.005652904510498047
677,0.2594301700592041,0.6982619762420654,0.002819061279296875,0.0056607723236083984
678,0.26018404960632324,0.700355052947998,0.0028231143951416016,0.005669832229614258
679,0.26097917556762695,0.7024540901184082,0.0028281211853027344,0.005677700042724609
680,0.2617471218109131,0.7045300006866455,0.002832174301147461,0.00568699836730957
681,0.2625241279602051,0.7066400051116943,0.002836942672729492,0.005694866180419922
682,0.26328110694885254,0.7087359428405762,0.0028409957885742188,0.005703926086425781
683,0.2640421390533447,0.7108328342437744,0.002845287322998047,0.005711793899536133
684,0.2648131847381592,0.712932825088501,0.002850055694580078,0.005720853805541992
685,0.26557302474975586,0.7150228023529053,0.0028541088104248047,0.00572967529296875
686,0.26633596420288086,0.7170970439910889,0.0028581619262695312,0.005737781524658203
687,0.26711416244506836,0.7191770076751709,0.002863168716430664,0.0057468414306640625
688,0.2678792476654053,0.7212710380554199,0.0028672218322753906,0.005754709243774414
689,0.26868128776550293,0.7233579158782959,0.0028710365295410156,0.0057637691497802734
690,0.26947617530822754,0.7254438400268555,0.0028760433197021484,0.0057718753814697266
691,0.2702491283416748,0.7275240421295166,0.002880096435546875,0.005780935287475586
692,0.2710299491882324,0.7296121120452881,0.0028841495513916016,0.0057888031005859375
693,0.2718021869659424,0.731694221496582,0.0028891563415527344,0.005797863006591797
694,0.2725820541381836,0.7337710857391357,0.0028929710388183594,0.005806684494018555
695,0.27335596084594727,0.7358741760253906,0.0028972625732421875,0.005815029144287109
696,0.27413392066955566,0.737947940826416,0.0029020309448242188,0.005823850631713867
697,0.27490925788879395,0.7400219440460205,0.0029060840606689453,0.00583195686340332
698,0.27568817138671875,0.7420930862426758,0.0029113292694091797,0.005840778350830078
699,0.27651023864746094,0.7442271709442139,0.0029151439666748047,0.00584864616394043
700,0.2773091793060303,0.7462899684906006,0.0029191970825195312,0.005857706069946289
701,0.2780880928039551,0.7483599185943604,0.0029239654541015625,0.00586700439453125
702,0.2788841724395752,0.7504289150238037,0.002928018569946289,0.0058748722076416016
703,0.27967095375061035,0.7524979114532471,0.0029332637786865234,0.005883932113647461
704,0.2804710865020752,0.7545650005340576,0.0029370784759521484,0.005892753601074219
705,0.281264066696167,0.7566359043121338,0.002941131591796875,0.005901813507080078
706,0.2820560932159424,0.7587058544158936,0.002946138381958008,0.005909919738769531
707,0.282865047454834,0.7607700824737549,0.0029501914978027344,0.005918979644775391
708,0.2836599349975586,0.7628309726715088,0.0029549598693847656,0.0059278011322021484
709,0.2844510078430176,0.764970064163208,0.002959012985229492,0.0059356689453125
710,0.2852950096130371,0.767082929611206,0.0029642581939697266,0.005944728851318359
711,0.2860901355743408,0.7691888809204102,0.0029680728912353516,0.005953788757324219
712,0.28690409660339355,0.7712910175323486,0.002972126007080078,0.005961894989013672
713,0.2877030372619629,0.773374080657959,0.002977132797241211,0.005970954895019531
714,0.28850412368774414,0.7754418849945068,0.0029811859130859375,0.005979776382446289
715,0.2893071174621582,0.777540922164917,0.0029861927032470703,0.005987644195556641
716,0.29011011123657227,0.7796139717102051,0.0029900074005126953,0.0059967041015625
717,0.29091310501098633,0.7816882133483887,0.002994060516357422,0.006006002426147461
718,0.29172301292419434,0.7837800979614258,0.0029990673065185547,0.0060138702392578125
719,0.2925422191619873,0.785858154296875,0.0030031204223632812,0.006022930145263672
720,0.29343104362487793,0.787938117980957,0.0030078887939453125,0.0060307979583740234
721,0.2942361831665039,0.7900130748748779,0.0030121803283691406,0.006039619445800781
722,0.29506611824035645,0.7921009063720703,0.003016233444213867,0.006047964096069336
723,0.29587817192077637,0.7941901683807373,0.0030210018157958984,0.006056785583496094
724,0.2966880798339844,0.7962639331817627,0.003025054931640625,0.006065845489501953
725,0.2975022792816162,0.7983391284942627,0.0030291080474853516,0.006073713302612305
726,0.29831433296203613,0.8004229068756104,0.0030341148376464844,0.006082773208618164
727,0.2991359233856201,0.8024909496307373,0.003038167953491211,0.0060918331146240234
728,0.2999589443206787,0.8045618534088135,0.0030431747436523438,0.0060999393463134766
729,0.3007962703704834,0.806643009185791,0.0030472278594970703,0.006108760833740234
730,0.30163121223449707,0.8087198734283447,0.0030510425567626953,0.0061168670654296875
731,0.30245232582092285,0.8108010292053223,0.003056049346923828,0.006125688552856445
732,0.30328798294067383,0.8128728866577148,0.0030603408813476562,0.006134033203125
733,0.3041090965270996,0.8149890899658203,0.0030641555786132812,0.006142854690551758
734,0.3049330711364746,0.8170850276947021,0.003069162368774414,0.006151914596557617
735,0.30577611923217773,0.8191618919372559,0.003072977066040039,0.006159782409667969
736,0.3066091537475586,0.8212301731109619,0.0030782222747802734,0.006168842315673828
737,0.30744004249572754,0.8233139514923096,0.003082275390625,0.006176948547363281
738,0.3082742691040039,0.8253850936889648,0.003086090087890625,0.006186008453369141
739,0.30910515785217285,0.827462911605835,0.003091096878051758,0.0061948299407958984
740,0.3099701404571533,0.8295419216156006,0.0030951499938964844,0.00620269775390625
741,0.310819149017334,0.8316240310668945,0.003099203109741211,0.006211757659912109
742,0.3116772174835205,0.8336918354034424,0.003103971481323242,0.0062198638916015625
743,0.31252598762512207,0.8357639312744141,0.0031080245971679688,0.006228923797607422
744,0.31336331367492676,0.8378491401672363,0.003113269805908203,0.0062367916107177734
745,0.31420421600341797,0.839932918548584,0.003117084503173828,0.006245851516723633
746,0.31508708000183105,0.8420019149780273,0.0031211376190185547,0.006254673004150391
747,0.31594109535217285,0.844074010848999,0.003125905990600586,0.006263017654418945
748,0.31678318977355957,0.8461520671844482,0.003130197525024414,0.006271839141845703
749,0.31768012046813965,0.848222017288208,0.0031342506408691406,0.006279945373535156
750,0.31852221488952637,0.850290060043335,0.003139019012451172,0.006288766860961914
751,0.3193850517272949,0.8523719310760498,0.0031430721282958984,0.006296634674072266
752,0.3202359676361084,0.8544478416442871,0.0031480789184570312,0.006305694580078125
753,0.32110095024108887,0.8565139770507812,0.003152132034301758,0.006313800811767578
754,0.3219492435455322,0.8585879802703857,0.0031561851501464844,0.0063228607177734375
755,0.32280421257019043,0.8606688976287842,0.003161191940307617,0.006331920623779297
756,0.32366418838500977,0.862739086151123,0.0031652450561523438,0.0063397884368896484
757,0.32452392578125,0.8648080825805664,0.003170013427734375,0.006348609924316406
758,0.3254241943359375,0.8668899536132812,0.0031740665435791016,0.006356954574584961
759,0.32629823684692383,0.8689749240875244,0.0031783580780029297,0.006365776062011719
760,0.32717013359069824,0.8710501194000244,0.003183126449584961,0.006373882293701172
761,0.3280611038208008,0.8731160163879395,0.0031871795654296875,0.00638270378112793
762,0.3289201259613037,0.8751850128173828,0.0031909942626953125,0.006391048431396484
763,0.32978034019470215,0.8772480487823486,0.003196239471435547,0.006399869918823242
764,0.3306460380554199,0.8793962001800537,0.003200054168701172,0.006407737731933594
765,0.33151817321777344,0.8814651966094971,0.0032050609588623047,0.006416797637939453
766,0.33238697052001953,0.8835301399230957,0.0032091140747070312,0.0064258575439453125
767,0.3333003520965576,0.8855979442596436,0.003213167190551758,0.006433725357055664
768,0.33421993255615234,0.8876628875732422,0.0032181739807128906,0.006443023681640625
769,0.33512425422668457,0.8897428512573242,0.0032219886779785156,0.006451845169067383
770,0.33603811264038086,0.8918211460113525,0.00322723388671875,0.006460905075073242
771,0.3369278907775879,0.8938970565795898,0.0032312870025634766,0.006468772888183594
772,0.33782005310058594,0.8959660530090332,0.003236055374145508,0.006477832794189453
773,0.3387162685394287,0.898054838180542,0.0032401084899902344,0.006485939025878906
774,0.33960819244384766,0.9001321792602539,0.0032439231872558594,0.006494998931884766
775,0.3405120372772217,0.902202844619751,0.0032491683959960938,0.0065038204193115234
776,0.34142613410949707,0.9042708873748779,0.0032532215118408203,0.006511688232421875
777,0.3423621654510498,0.9063560962677002,0.003258228302001953,0.006520748138427734
778,0.3432743549346924,0.9084300994873047,0.0032622814178466797,0.0065288543701171875
779,0.3441760540008545,0.9105091094970703,0.0032660961151123047,0.006537914276123047
780,0.3451051712036133,0.9125828742980957,0.0032711029052734375,0.0065457820892333984
781,0.3460052013397217,0.9146559238433838,0.0032749176025390625,0.006554841995239258
782,0.3469080924987793,0.9167220592498779,0.0032792091369628906,0.006562709808349609
783,0.3478231430053711,0.9187898635864258,0.0032842159271240234,0.00657200813293457
784,0.34873008728027344,0.9208781719207764,0.0032880306243896484,0.006579875946044922
785,0.3496849536895752,0.9229509830474854,0.003292083740234375,0.006588935852050781
786,0.35060906410217285,0.9250209331512451,0.003297090530395508,0.006596803665161133
787,0.3515331745147705,0.9270868301391602,0.0033011436462402344,0.006605625152587891
788,0.3524463176727295,0.9291620254516602,0.003306150436401367,0.006613969802856445
789,0.35335612297058105,0.9312350749969482,0.003309965133666992,0.006622791290283203
790,0.35426807403564453,0.933305025100708,0.0033142566680908203,0.0066318511962890625
791,0.35518407821655273,0.9353699684143066,0.0033190250396728516,0.006639719009399414
792,0.3560981750488281,0.9374468326568604,0.003323078155517578,0.006647825241088867
793,0.3570139408111572,0.9395148754119873,0.0033271312713623047,0.0066568851470947266
794,0.35799312591552734,0.9415848255157471,0.0033321380615234375,0.006664752960205078
795,0.35891032218933105,0.9436700344085693,0.003336191177368164,0.0066738128662109375
796,0.35984110832214355,0.9457428455352783,0.0033409595489501953,0.006682872772216797
797,0.36075806617736816,0.9478070735931396,0.0033452510833740234,0.0066907405853271484
798,0.36170005798339844,0.949876070022583,0.0033490657806396484,0.006703853607177734
799,0.3626260757446289,0.951956033706665,0.0033540725708007812,0.006712675094604492
800,0.36354708671569824,0.9540290832519531,0.003358125686645508,0.006721019744873047
801,0.36447930335998535,0.9561018943786621,0.003361940383911133,0.006729841232299805
802,0.3654022216796875,0.9581718444824219,0.003367185592651367,0.006738901138305664
803,0.36638832092285156,0.9602499008178711,0.003371000289916992,0.006746768951416016
804,0.3673222064971924,0.9623141288757324,0.0033750534057617188,0.006755828857421875
805,0.36826014518737793,0.9643850326538086,0.003380298614501953,0.006763935089111328
806,0.3691902160644531,0.9664561748504639,0.003384113311767578,0.0067729949951171875
807,0.37014126777648926,0.9685471057891846,0.0033881664276123047,0.006781816482543945
808,0.3710770606994629,0.9706130027770996,0.003392934799194336,0.006789684295654297
809,0.37201619148254395,0.9726788997650146,0.003397226333618164,0.006798744201660156
810,0.3729562759399414,0.9748208522796631,0.003402233123779297,0.006806612014770508
811,0.3739352226257324,0.9768908023834229,0.003406047821044922,0.006815910339355469
812,0.37487006187438965,0.9789650440216064,0.0034101009368896484,0.00682377815246582
813,0.3758201599121094,0.9810318946838379,0.0034151077270507812,0.00683283805847168
814,0.3767580986022949,0.9830970764160156,0.003419160842895508,0.006840705871582031
815,0.3777132034301758,0.9851689338684082,0.0034232139587402344,0.006849765777587891
816,0.3786652088165283,0.9872360229492188,0.0034279823303222656,0.006857872009277344
817,0.37961602210998535,0.9893031120300293,0.0034322738647460938,0.006866931915283203
818,0.38055419921875,0.9913721084594727,0.003437042236328125,0.006874799728393555
819,0.38149023056030273,0.9934389591217041,0.0034410953521728516,0.006883859634399414
820,0.3825042247772217,0.9955101013183594,0.003445148468017578,0.006892681121826172
821,0.3834543228149414,0.9975712299346924,0.003450155258178711,0.006900787353515625
822,0.3843991756439209,0.9996480941772461,0.0034542083740234375,0.006909847259521484
823,0.38534116744995117,1.0017108917236328,0.0034580230712890625,0.006917715072631836
824,0.38628721237182617,1.0037808418273926,0.003463268280029297,0.006926774978637695
825,0.3872392177581787,1.005842924118042,0.003467082977294922,0.006935834884643555
826,0.38819313049316406,1.0079281330108643,0.0034720897674560547,0.006943941116333008
827,0.38913917541503906,1.0100080966949463,0.0034761428833007812,0.006952762603759766
828,0.39013123512268066,1.0120840072631836,0.0034799575805664062,0.006960868835449219
829,0.3911011219024658,1.0141561031341553,0.0034852027893066406,0.0069696903228759766
830,0.39206814765930176,1.01625394821167,0.0034890174865722656,0.006978750228881836
831,0.3930370807647705,1.0183508396148682,0.003493070602416992,0.006986856460571289
832,0.394010066986084,1.0204150676727295,0.0034983158111572266,0.0069959163665771484
833,0.3949751853942871,1.022495985031128,0.0035021305084228516,0.007004737854003906
834,0.3959369659423828,1.0245671272277832,0.0035071372985839844,0.007013797760009766
835,0.39690327644348145,1.0266380310058594,0.0035109519958496094,0.007022857666015625
836,0.39786410331726074,1.0287039279937744,0.0035161972045898438,0.007031679153442383
837,0.3988611698150635,1.030771017074585,0.0035200119018554688,0.0070400238037109375
838,0.39983320236206055,1.0328330993652344,0.0035250186920166016,0.007048845291137695
839,0.4008181095123291,1.0348989963531494,0.0035293102264404297,0.007056713104248047
840,0.40179014205932617,1.0369620323181152,0.0035331249237060547,0.007065773010253906
841,0.40279126167297363,1.0390348434448242,0.0035381317138671875,0.007074832916259766
842,0.4037590026855469,1.0411009788513184,0.0035419464111328125,0.007082939147949219
843,0.40473103523254395,1.043159008026123,0.003547191619873047,0.0070917606353759766
844,0.4057431221008301,1.0452330112457275,0.0035512447357177734,0.00709986686706543
845,0.4067420959472656,1.047299861907959,0.0035550594329833984,0.0071086883544921875
846,0.4077291488647461,1.049372911453247,0.003560304641723633,0.007117748260498047
847,0.40872907638549805,1.0514349937438965,0.003564119338989258,0.0071258544921875
848,0.40970706939697266,1.053508996963501,0.0035691261291503906,0.007134914398193359
849,0.4107019901275635,1.0555751323699951,0.003573179244995117,0.007142782211303711
850,0.4117240905761719,1.057926893234253,0.003576993942260742,0.00715184211730957
851,0.4127070903778076,1.060002088546753,0.0035822391510009766,0.007160663604736328
852,0.41368699073791504,1.0620810985565186,0.0035860538482666016,0.007169008255004883
853,0.41476917266845703,1.0641448497772217,0.003590106964111328,0.007177829742431641
854,0.4157712459564209,1.066213846206665,0.003595113754272461,0.007185935974121094
855,0.41676998138427734,1.0682859420776367,0.0035991668701171875,0.0071947574615478516
856,0.41775989532470703,1.0703611373901367,0.0036041736602783203,0.007202625274658203
857,0.41875505447387695,1.0724279880523682,0.0036079883575439453,0.007211923599243164
858,0.4197702407836914,1.0744938850402832,0.0036122798919677734,0.0072209835052490234
859,0.42076611518859863,1.0765619277954102,0.0036170482635498047,0.007228851318359375
860,0.4217650890350342,1.078679084777832,0.0036211013793945312,0.007237911224365234
861,0.42282700538635254,1.0807528495788574,0.003625154495239258,0.007245779037475586
862,0.42414402961730957,1.082824945449829,0.0036301612854003906,0.007254600524902344
863,0.4251861572265625,1.0848960876464844,0.003634214401245117,0.0072629451751708984
864,0.4261972904205322,1.0869638919830322,0.0036389827728271484,0.007271766662597656
865,0.4272010326385498,1.0890278816223145,0.003643035888671875,0.007279872894287109
866,0.42824602127075195,1.0910961627960205,0.003647327423095703,0.007288694381713867
867,0.4292490482330322,1.0931580066680908,0.0036520957946777344,0.0072977542877197266
868,0.43027400970458984,1.095231056213379,0.003656148910522461,0.00730586051940918
869,0.4313211441040039,1.0972959995269775,0.0036611557006835938,0.007314920425415039
870,0.4323461055755615,1.0993731021881104,0.0036652088165283203,0.007322788238525391
871,0.43335604667663574,1.101435899734497,0.0036690235137939453,0.00733184814453125
872,0.43438100814819336,1.103503942489624,0.003674030303955078,0.007339954376220703
873,0.4353981018066406,1.1055691242218018,0.0036783218383789062,0.0073490142822265625
874,0.43642711639404297,1.1076359748840332,0.0036830902099609375,0.007356882095336914
875,0.4375782012939453,1.109705924987793,0.003687143325805664,0.007365703582763672
876,0.43863606452941895,1.1117699146270752,0.003690958023071289,0.007374763488769531
877,0.43967199325561523,1.1138420104980469,0.0036962032318115234,0.007382631301879883
878,0.4407021999359131,1.115900993347168,0.00370025634765625,0.007391929626464844
879,0.44173407554626465,1.1179661750793457,0.0037050247192382812,0.007399797439575195
880,0.4427671432495117,1.1200361251831055,0.003709077835083008,0.007408857345581055
881,0.44379425048828125,1.1220970153808594,0.0037131309509277344,0.0074176788330078125
882,0.4448821544647217,1.1241521835327148,0.003718137741088867,0.007425785064697266
883,0.4459092617034912,1.1262140274047852,0.0037221908569335938,0.007434844970703125
884,0.447019100189209,1.1282858848571777,0.0037271976470947266,0.007442951202392578
885,0.44807004928588867,1.130378007888794,0.003731250762939453,0.007451772689819336
886,0.44910097122192383,1.132443904876709,0.0037360191345214844,0.0074596405029296875
887,0.4501340389251709,1.1345081329345703,0.003740072250366211,0.007468700408935547
888,0.4511711597442627,1.1365790367126465,0.003743886947631836,0.007477998733520508
889,0.45220303535461426,1.1386499404907227,0.0037491321563720703,0.007485866546630859
890,0.4532620906829834,1.1407098770141602,0.003753185272216797,0.007494926452636719
891,0.45432496070861816,1.1427788734436035,0.003756999969482422,0.0075037479400634766
892,0.45539116859436035,1.1448469161987305,0.0037622451782226562,0.007511615753173828
893,0.45643019676208496,1.1469130516052246,0.0037660598754882812,0.007520914077758789
894,0.45746827125549316,1.1489779949188232,0.003771066665649414,0.007528781890869141
895,0.45851898193359375,1.1510419845581055,0.0037751197814941406,0.007537841796875
896,0.4595680236816406,1.1531641483306885,0.003779172897338867,0.007546901702880859
897,0.46062207221984863,1.155228853225708,0.0037841796875,0.007554769515991211
898,0.461698055267334,1.1572978496551514,0.003787994384765625,0.00756382942199707
